chainage_m,lat,lon
180000,11.8135283955,78.0622554645
180500,11.8093507599,78.0605934176
181000,11.8051102581,78.0590932267
181500,11.8007726989,78.0579047254
182000,11.7963455893,78.0571754855
182500,11.7918713371,78.0570335013
183000,11.7873884301,78.0573136342
183500,11.7829123343,78.0576633445
184000,11.778553305,78.0573567323
184500,11.7744514492,78.0554881265
185000,11.7702094562,78.0539935067
185500,11.7659200194,78.0526355025
186000,11.7616313189,78.051280094
186500,11.7573040653,78.0502956715
187000,11.7529158671,78.0512436513
187500,11.7484355578,78.0509319874
188000,11.7439567124,78.0505886559
188500,11.7396196409,78.0510838
189000,11.7366516142,78.0545162728
189500,11.7336550302,78.0579315461
190000,11.7305383258,78.0612344049
190500,11.7272926523,78.064404066
191000,11.7244652837,78.0679672107
191500,11.7216464814,78.0715383368
192000,11.7187415677,78.075035966
192500,11.7161119824,78.0787212159
193000,11.7137960275,78.082647665
193500,11.7118127906,78.0867623271
194000,11.7094950559,78.0906907683
194500,11.7070967076,78.0945685146
195000,11.7046694509,78.0984274794
195500,11.7024133817,78.1023931128
196000,11.6991559091,78.1054041943
196500,11.6953130861,78.1077708782
197000,11.6930333664,78.1116862924
197500,11.6908476019,78.1156881314
198000,11.6879011406,78.1190786192
198500,11.6851240758,78.1226484665
199000,11.6822739316,78.126191987
199500,11.6783022441,78.1281161028
200000,11.6738213071,78.1278631652
200500,11.6697189239,78.1261204404
201000,11.6658274267,78.1238304427
201500,11.6618007342,78.1218919983
202000,11.6573261304,78.1214962617
202500,11.6528521627,78.1210915729
203000,11.6483784756,78.1206835694
203500,11.6439088114,78.1202399462
204000,11.6394591265,78.12055023
204500,11.6357970726,78.123125849
205000,11.6331184766,78.1268041657
205500,11.6303043935,78.1303749629
206000,11.6279975711,78.1342345816
206500,11.6272293933,78.1387447874
207000,11.6260617935,78.1431724855
207500,11.6249384307,78.1474202345
208000,11.6206412534,78.1460964565
208500,11.6163258344,78.1449194895
209000,11.611834391,78.1448878918
209500,11.6076201924,78.1462782348
210000,11.6032648648,78.1468600876
210500,11.5987835589,78.1469286833
211000,11.5943070576,78.1472945686
211500,11.5898582793,78.1479089266
212000,11.5853725225,78.1481332729
212500,11.5810973611,78.1468690599
213000,11.5770546003,78.144875821
213500,11.573057246,78.1427853618
214000,11.5686851116,78.1425447812
214500,11.5642758183,78.1434153394
215000,11.5598461121,78.1441502937
215500,11.5554999897,78.145307477
216000,11.5510632102,78.1459473426
216500,11.5465920162,78.1463385832
217000,11.5421651197,78.1470392279
217500,11.5377874714,78.146392455
218000,11.5337721981,78.1447753837
218500,11.5296722622,78.1466263841
219000,11.5254072029,78.1480394341
219500,11.5211064371,78.1493577057
220000,11.516722698,78.1490257916
220500,11.512302144,78.1496876139
221000,11.5078257984,78.1500330289
221500,11.5033406454,78.1498670601
222000,11.498941776,78.1505733447
222500,11.4948607585,78.1524836635
223000,11.4905447814,78.1534336403
223500,11.4860656316,78.1537408805
224000,11.4816659928,78.154555831
224500,11.4773627161,78.1558551308
225000,11.4729747099,78.1568304835
225500,11.4685339904,78.1574637388
226000,11.4641383972,78.1583685977
226500,11.4596524805,78.1583461072
227000,11.4552424632,78.1590581628
227500,11.4507557666,78.1588879823
228000,11.4462739104,78.1585881538
228500,11.4417974741,78.1582344742
229000,11.4375072915,78.1569281279
229500,11.4330408039,78.1564450191
230000,11.428588314,78.1558540382
230500,11.4241573087,78.1562425128
231000,11.4196794727,78.1565796081
231500,11.4153254708,78.1575206764
232000,11.4111047446,78.1589126753
232500,11.406634675,78.1593576364
233000,11.4021650112,78.1598063687
233500,11.3977021811,78.160317153
234000,11.3932428581,78.1608629196
234500,11.3887681261,78.1612466994
235000,11.3842982434,78.160980903
235500,11.3799203481,78.1619804835
236000,11.3754751439,78.1626158081
236500,11.3711084287,78.163687502
237000,11.3666705242,78.1643485395
237500,11.3621968091,78.1647482623
238000,11.3578170873,78.1657578055
238500,11.3534490146,78.1668243041
239000,11.3490226726,78.1675837617
239500,11.3446454038,78.1685997138
240000,11.3403686379,78.1699988925
240500,11.3359319549,78.1706551183
241000,11.3314568126,78.171036987
241500,11.3270519095,78.1718584926
242000,11.3226062433,78.1724481676
242500,11.3181747744,78.1718335866
243000,11.3136927297,78.1720063788
243500,11.3093785528,78.1708770518
244000,11.3050290401,78.1698747471
244500,11.3010820401,78.1677579079
245000,11.2967158843,78.1667066782
245500,11.2922722564,78.1660429507
246000,11.2878455999,78.1652678395
246500,11.2833919103,78.1647231122
247000,11.2789204397,78.1643192902
247500,11.274450309,78.1639030726
248000,11.2699646034,78.1641317775
248500,11.2655164397,78.164663238
248625,11.2640834903,78.1651706569
